,Unnamed: 0,_id,text,task_1,task_2
13,488,60c5d6bf5659ea5e55def33b,yeah when she's finally done w you you wanna pop back into her life fuck off,HOF,PRFN
16,2875,60c5d6bf5659ea5e55def23a,now i cant even get my tattoos bc this man is being a cunt ! tf bro ,HOF,PRFN
20,2482,60c5d6bf5659ea5e55df016c,One thing I cant stand is people talking out the neck when they dont know shit....,HOF,PRFN
26,4122,60c5d6bf5659ea5e55defbf5,If you dont give a damn then I dont give no FUCK,HOF,PRFN
48,3491,60c5d6bf5659ea5e55def3de,is there rnbo lore on you know whos stream  damn it.... im in class anyway but.... fuck... ran bow lore is ran bow lore....,HOF,PRFN
55,3883,60c5d6bf5659ea5e55df01c2,"my neurodivergent ass Hates the way those Saniderm bandages feel in the crook of my elbow right now  the tattoo barely touches the crease of my elbow, but the bandage goes into my ditch and it feels Icky. catch me taking like 12 showers in 2 days to make this shit peel off ASAP",HOF,PRFN
59,479,60c5d6bf5659ea5e55def40e,A bitch will fuck yo nigga yo opp yo daddy and fav cuz but soon as you get bloody all hell break lose ....,HOF,PRFN
79,2935,60c5d6bf5659ea5e55df0109,damn damson asked for some transparency and they made him deactivate,NOT,NONE
80,3826,60c5d6bf5659ea5e55df00f7,Gonna start being more of an asshole to dickhead drivers. Been inches from getting hit 2 times in the past week now,HOF,PRFN
82,677,60c5d6bf5659ea5e55def5cc,bollocks i need shows to watch,HOF,PRFN
88,4534,60c5d6bf5659ea5e55def4f9,"""God, did you hear about that stupid guy who works at Burger King who is a total asshole? I think his name is Arin""",HOF,PRFN
109,1911,60c5d6bf5659ea5e55defe53,I love watching the nut falling out of my pussy and ass ,HOF,PRFN
113,1227,60c5d6bf5659ea5e55def987,just spotted a cheater on the ESEA client... truly unlucky. need to ban this garfield motherfucker....,HOF,PRFN
117,2241,60c5d6bf5659ea5e55df003e,"Fuck pre workout, just piss me off",HOF,PRFN
118,1473,60c5d6bf5659ea5e55defc83,ranboo you incredible son of a bitch youve done it again my friend youve raised the bar for us all and did so flawlessly,HOF,OFFN
131,154,60c5d6bf5659ea5e55def199,Just seen my ex fianc for the first time in like 2 years and all I can say is bullets were dodged. Karma has punched his hairline back a fucker ,HOF,PRFN
133,3986,60c5d6bf5659ea5e55def741,This the meek we need fuck that slow singing shit he be doing,HOF,PRFN
141,183,60c5d6bf5659ea5e55def2ca,This just shows what a twat Southgate is.  Henderson been injured &amp; still not confident on his fitness  YET  JWP has not missed a single minute of the season &amp; doesn't get picked.  No interest in watching the euros at all,HOF,PRFN
149,4874,60c5d6bf5659ea5e55defa26,Box O' Jokes time! - My mom never saw the irony in calling me son-of-a-bitch. - - Box ha and ha and ha!,HOF,PRFN
167,1097,60c5d6bf5659ea5e55def988,"That moment in the fucking when your finger is hooked up inside your lovers pussy, and youre all but lifting them off the bed by their G-spot and they just keep cumming  Thats  fun.  Lotta fun.",HOF,PRFN
173,2222,60c5d6bf5659ea5e55df0036,Lindsey Graham is a total shitbag.,HOF,OFFN
186,3778,60c5d6bf5659ea5e55df0192,"Trust me...if I like you I will dm you hey six times, then send 4 dick pics before getting very impatient for you to love me. Its gonna be beautiful. ",HOF,PRFN
198,1990,60c5d6bf5659ea5e55df004c,"It's really easy to get out negative emotions but when you have an abundance of love and shit and have no direction for these emotions, what kind of a negative impact does it have on you to experience good emotions, but have no direction for them?",NOT,NONE
207,2539,60c5d6bf5659ea5e55df03a5,5 at the back scum cunt 4 right backs and 4 centre backs balding fuck going out in the round of 16,HOF,PRFN
208,583,60c5d6bf5659ea5e55def55b,i've come to make an announcement: shadow the hedgehog is a bitch ass motherfucker.,HOF,PRFN
209,4800,60c5d6bf5659ea5e55def8a1,Why is Johnson trying to make us all American? The twat.,HOF,PRFN
214,1201,60c5d6bf5659ea5e55def9c7,Damn I really wish I was in a band again,NOT,NONE
217,2368,60c5d6bf5659ea5e55df023a,Iono my head giver radar usually be on point if I think she can eat the dick Im usually corrected ,HOF,PRFN
224,124,60c5d6bf5659ea5e55def271,Lifes a bitch so I had to pimp it,HOF,PRFN
226,1989,60c5d6bf5659ea5e55df0039,bts will never fuck you i am a lesbian,HOF,PRFN
235,3248,60c5d6bf5659ea5e55df03b9,Is it common for djs and artists to not get paid at an event charging $200-$300+ a ticket? Cuz what the fuck? ,HOF,PRFN
250,134,60c5d6bf5659ea5e55def141,its always a bitch screaming bloody murder,HOF,PRFN
273,3290,60c5d6bf5659ea5e55def150,He always go to work in your house whenever your wife did not go to work and alone in house whiles the children are in school and you don't see anything wrong with it. I hear say the dick is long and good. chairman open your eyes. You work in a different city too.,HOF,PRFN
286,2248,60c5d6bf5659ea5e55df00fc,LOOOOOOOOOL HOLY SHIT,NOT,NONE
299,4168,60c5d6bf5659ea5e55defaf4,"I find it quite remarkable that literally Lucifer the lightbearer can state things that nobody knows, of vital importance to the survival of the human race, and on a good day, one person may give a like, but some numpty twatters on a load of bollocks and thousands retweet it.",HOF,PRFN
300,291,60c5d6bf5659ea5e55def37c,you big fucking dumbass learn to be a normal fuxking person whos not an asshole,HOF,PRFN
304,1818,60c5d6bf5659ea5e55defda8,Youre weak. Theres no escaping my control. Send to feel release little fucker.    findom paypig finD brat ,HOF,PRFN
316,1780,60c5d6bf5659ea5e55defd92,bitch this bloody mary taste like crawfish lmao,HOF,PRFN
318,656,60c5d6bf5659ea5e55def58f,Bloody hell,HOF,PRFN
319,510,60c5d6bf5659ea5e55def38a,"Every time I think you hit a ceiling, you just keep raising the bar. You are like the Michael Jordan of being a son of a bitch.",HOF,PRFN
334,2658,60c5d6bf5659ea5e55df04de,"Amazing. You work late and think, fuck it Ill get a Five Guys, they shut at 9... nah. Closed up.   Welcome to Dundee the city that is unable to stay awake",HOF,PRFN
347,644,60c5d6bf5659ea5e55def656,"Bitch, I'm Bloody Murder!!!!!!",HOF,PRFN
357,3095,60c5d6bf5659ea5e55df0415,right who gave astrid a ticket own up you shit cunt,HOF,PRFN
358,716,60c5d6bf5659ea5e55def526,"How to political correct the axis of piss and shit and it's degenerate supporter,? Rip them all off the internet entirely . Also blow up the government and media of Iran so it will no longer hack, sprewing distraction within neighboring and western countries. 1/2",HOF,PRFN
359,2734,60c5d6bf5659ea5e55df02be,visual hole stans coming at ryujin's pretty face? motherfucker everyone,HOF,PRFN
372,1900,60c5d6bf5659ea5e55defd50,"Yeah its an edit. Damn Everyones so good at this, ",NOT,NONE
376,4280,60c5d6bf5659ea5e55defd12,Me after a day in that bloody chair : ahh days done let's go put books and plants on your new shelves. My back : BWAHAHAHAAHAHAHAHAH BITCH PLS. LAY DOWN.,NOT,NONE
382,1767,60c5d6bf5659ea5e55defdd6,HAPPY PRIDE MONTH IM GAY AS FUCK,HOF,PRFN
385,2189,60c5d6bf5659ea5e55deffb9,who let shinee name their lightstick...what the actual FUCK is shating star,HOF,PRFN
388,4469,60c5d6bf5659ea5e55defd05,Nicholas - Pimp Brown Jr,HOF,PRFN
396,3733,60c5d6bf5659ea5e55deff4d,My ex friends probably call me a whore or something,HOF,PRFN
403,2844,60c5d6bf5659ea5e55df0485,Dont be talking about dark skinned women and have the nerve to have a wolf pussy shadow on yo face bitch,HOF,PRFN
430,1413,60c5d6bf5659ea5e55defb50,Although I doublecheck with Tarot because Gabriel can be a twat.,HOF,OFFN
433,1481,60c5d6bf5659ea5e55defba9,"My president is a pussy, he blocks he's comment section..hahaha.. who does that ?",HOF,OFFN
439,3337,60c5d6bf5659ea5e55def25c,"Along with autistics; magpies and stains on the upholstery, but I wish they would all just fuck off!",HOF,OFFN
449,4251,60c5d6bf5659ea5e55defb5f,Narcissists piss me the fuck off!!,HOF,HATE
455,3814,60c5d6bf5659ea5e55df0151,Just sat for 5 hrs reading a book because we have 0 appointments and literally 20 minutes before we were going to leave for the day some fuck comes in to book a walk in and hasnt come back yet lmao talk about homophobia!,HOF,PRFN
463,174,60c5d6bf5659ea5e55def1f3,Bitch you cant fuck with me if you wanted to ,HOF,PRFN
465,2029,60c5d6bf5659ea5e55df007e,"I think it's funny that the chicks who peddled fake molly and snorted/took it every other weekend are some of the ones telling me not to trust the vaccine. girl, I saw you blow molly off a sink, shut the fuck up.",HOF,PRFN
468,4203,60c5d6bf5659ea5e55defbfd,oh you motherfucker,HOF,PRFN
475,73,60c5d6bf5659ea5e55def120,nfts are so easy you just open picsart and fuck around on the adjustments the hit send,HOF,PRFN
492,5097,60c5d6bf5659ea5e55def188,Bloody hell Ancelotti couldnt announce that quick enough could he. Fucking hell Carlo keep you head down for a few days pal and announce it on weekend ,HOF,PRFN
499,1317,60c5d6bf5659ea5e55def7ca,THERES A NEW DENTIST HERE AND GOD DAMN,NOT,NONE
512,4201,60c5d6bf5659ea5e55defbd7,i cant believe this months two fuvking years since dnp came out. What the Fuck,HOF,PRFN
524,1779,60c5d6bf5659ea5e55defd91,"Oh and by the way, when Little Shop of Horrors' ""Mean Green Mother from Outer Space"" uses ""mother"" it actually means ""Mean Green Motherfucker from Outer Space"" and is intended only for your amusement.",HOF,PRFN
525,1254,60c5d6bf5659ea5e55def895,Best thing to do for urself is not giving a fuck about what people think. U like rocks? Collect that shit. U wanna try wearing something daring? Do it u beautiful motherfucker.,NOT,NONE
526,2323,60c5d6bf5659ea5e55df025a,Omo Pepsi don cost well e no choke me ooo anyway way my own dick self don cost una go suffer ,HOF,PRFN
538,598,60c5d6bf5659ea5e55def539,i feel bad for giving him a viewer  give lore now fucker,HOF,PRFN
551,2830,60c5d6bf5659ea5e55df04a0,jade the grown ass woman who liked the girl she babysat? dont piss me off,HOF,PRFN
554,502,60c5d6bf5659ea5e55def499,"I thought a bitch that be speaking on me but she cant get her nigga back, said sum?",HOF,PRFN
557,96,60c5d6bf5659ea5e55def116,"Why i just walk by my two sisters and I hear one of em say to the other who cares? you seen my vagina, you shaved my asshole ",HOF,PRFN
562,1991,60c5d6bf5659ea5e55df0074,lakshmi is the fakest bitch in the world,HOF,PRFN
563,4246,60c5d6bf5659ea5e55defacd,Yeahhh nah. Im a whole sarcastic dick head once youve angered me.,HOF,PRFN
570,2555,60c5d6bf5659ea5e55df02f9,its everyday shag my mentions but never me,HOF,PRFN
580,4072,60c5d6bf5659ea5e55defbdc,When you see a shorty looking fine asf and you cant decide if you tryna simp it out or pimp it out ,HOF,PRFN
582,898,60c5d6bf5659ea5e55def76a,"denki reluctantly lets todoroki go, but not without roughly shoving him back towards the door. ""now fuck off.""",HOF,PRFN
594,3088,60c5d6bf5659ea5e55df0344,Oh shit! Thats alot of love! Thank you all!,NOT,NONE
600,2702,60c5d6bf5659ea5e55df04b9,absolute whore for blueberry coffee ill say it,HOF,PRFN
608,1381,60c5d6bf5659ea5e55def7ed,Just letting u all know in advance that im gonna dress like a total whore when i get top surgery,NOT,NONE
611,4205,60c5d6bf5659ea5e55defc20,Heard my friend talk shit about me behind my back. But you know what? I actually regret calling her trash SHES A TIGHT WHORE THAT STINKS PERFUME,HOF,OFFN
613,1928,60c5d6bf5659ea5e55defe31,Now u know damn well thats two dif levels. Someone who got Grammys y makes music that helped me thru everyday darkness thru sound.. better then mfs who physically there with me..,HOF,PRFN
635,1581,60c5d6bf5659ea5e55defc6c,There's no fool like an old fool. Hmmmmmm  i wonder who got Burnt yet again by the Sun ???? Answers on a postcard to TWAT in Deal.  Xxx,HOF,PRFN
640,3700,60c5d6bf5659ea5e55deff00,idek why im getting lit by myself i can see me now beating this bitch bloody. ,HOF,HATE
657,801,60c5d6bf5659ea5e55def661,I LOVE NIS' gJO SO MUCH?!! he's so creepy... an absolute icon.. an absolute shitbag two paras in and I feel horny.,HOF,PRFN
678,934,60c5d6bf5659ea5e55def752,MJG on PIMP HARD.... HEAT,HOF,PRFN
689,3113,60c5d6bf5659ea5e55df03c4,IM THAT BITCH AND THATS FASHOOOOOOO,NOT,NONE
690,3897,60c5d6bf5659ea5e55df0127,"It's honestly laughable how much rainbows piss certain demographics off. Grow the fuck up, you big bunch of babies.",HOF,OFFN
694,4540,60c5d6bf5659ea5e55def5e8,And yet again I will be missing a lore stream because Im doing shit with my family:D /s,HOF,PRFN
704,2156,60c5d6bf5659ea5e55df002f,FK set clashes are haunting me in my fuckin sleep...anxiety high as a mother fucker,HOF,PRFN
708,4239,60c5d6bf5659ea5e55defba1,That shit giving hurt whore ,HOF,PRFN
715,1830,60c5d6bf5659ea5e55defd08,I broke u off when them fuck niggas wouldnt give u a dime I aint owe u shit nigga I just wanted to see u shine,HOF,PRFN
717,4067,60c5d6bf5659ea5e55defb7e,When you don't get a text back but you see them posting on social media Fuck you ,HOF,PRFN
730,2108,60c5d6bf5659ea5e55deff95,go to hell motherfucker.,HOF,PRFN
740,3749,60c5d6bf5659ea5e55deff4c,Going get me a bitch out the country,HOF,PRFN
744,2205,60c5d6bf5659ea5e55deffcc,My mova.. nobody can piss me off quicker than this mf ,HOF,PRFN
747,1655,60c5d6bf5659ea5e55defcb5,I aint saving no hoe Im a real ass pimp !!,HOF,PRFN
749,3364,60c5d6bf5659ea5e55def4d7,"Delaying opening up on June 21 is bollocks!! You want facts? - Viruses continually mutate so lets stop naming variants,,, it will be an endless task - NHS is no longer at risk. It never was, it was just underfunded - There are bigger health threats than Covid - Wake up! ",HOF,PRFN
750,1823,60c5d6bf5659ea5e55defe1b,"You can have good dick, good head. But that dont exclude you from being a flea. You cant nurture your mind body and soul with sex. You will always feel empty. And Im not going to fill that void. Get a fuckin therapist bro. ",HOF,PRFN
763,5022,60c5d6bf5659ea5e55def1df,OI YA WANKER PUT ME IN IT,HOF,PRFN
770,3343,60c5d6bf5659ea5e55def2fc,Only a gay motherfucker could take something as beautiful as a rainbow and fuck it up for everyone else.,HOF,OFFN
782,1987,60c5d6bf5659ea5e55df0034,get this bloody burger off my head before I stab a bitch,HOF,PRFN
789,3193,60c5d6bf5659ea5e55df02e4,Make him think his daughter died because of him Maxie. Make that motherfucker hurtttt.,HOF,PRFN
799,5083,60c5d6bf5659ea5e55def193,"then she was slowly deep throating da dick . and my head layed back .. but she started to speed it up and I wanted to move her head so bad but i couldnt . she was sucking about 10 mins in and i nutted , she didnt stop there .. she went another hour  my body felt",HOF,PRFN
826,2773,60c5d6bf5659ea5e55df0311,Happy pride month from americas whore,HOF,PRFN
838,1352,60c5d6bf5659ea5e55def846,"Son of a bitch wrong ""you're"" ",HOF,OFFN
840,3363,60c5d6bf5659ea5e55def49e,my dad just said you cheese master to my brother but i heard you cheese bastard,HOF,PRFN
846,1988,60c5d6bf5659ea5e55df0038,the wanker one has me extremly screaming rn i can't with them lmfao,HOF,PRFN
853,1940,60c5d6bf5659ea5e55deff91,Me and my son just had to piece 3 hoes up for calling my shorty a bitchmy wig off and every nail bloody but I bet she cant see out that,HOF,PRFN
868,4037,60c5d6bf5659ea5e55defc18,stop acting like a posh bitch and sing with you girl you stupid deityyyyyyyyyyy,HOF,OFFN
870,4445,60c5d6bf5659ea5e55defdf4,Sucked a dick so sloppy last night I had snot coming outta my nose and still didnt stop  three cheers for super sloppy head,HOF,PRFN
876,2723,60c5d6bf5659ea5e55df0465,sorry never mind fucking crying carlo can koff fuckin shitbag he committed to blues said he was gonna take us new stadium told a pack of lies fuckoff lad,HOF,PRFN
884,2279,60c5d6bf5659ea5e55df0152,bouta say bloody Mary 3 times in the mirror just so i got a bitch to talk to,NOT,NONE
890,4086,60c5d6bf5659ea5e55defb8f,Need an air con in this fucking house peeling my bollocks off my leg every 5 mins,HOF,PRFN
906,1121,60c5d6bf5659ea5e55def7cf,"GCN Magazine (2013): ""Danielle is quiet at the best of times, but is first off the mark when I ask them about girl-crushes. 'Penelope Cruz', she blurts, 'Shes so fucking hot. When I saw her in Vicky Cristina Barcelona damn!'""",NOT,NONE
917,4026,60c5d6bf5659ea5e55defc96,"The way I see it is if youre being a dick then yeah apologize. Other then that, yeah they can go fuck themselves lol.",HOF,PRFN
923,3485,60c5d6bf5659ea5e55def35e,Gah damn bills due again . Im sick of this shit.,HOF,PRFN
927,350,60c5d6bf5659ea5e55def47d,im a whore creo,HOF,PRFN
945,441,60c5d6bf5659ea5e55def45d,/ techno neg  how about instead of donating to an asshole who is brushing off hurt miniorities you donate to the Trevor Project or an LGBTQIA+ streamer ,HOF,PRFN
952,2137,60c5d6bf5659ea5e55df0028,bitch im worth more,HOF,PRFN
954,3604,60c5d6bf5659ea5e55def4e7,im abt to start my period thats why ive been so horny smh  i need some dick b4 i start ngl ,HOF,PRFN
961,1271,60c5d6bf5659ea5e55defa3c,Pussy grows on trees .,HOF,PRFN
966,47,60c5d6bf5659ea5e55def12a,"Some guy has just walked over to my car while Im sat at traffic lights asked me to suck his dick, called me a slag then spat on my windscreen as I rolled my window up lmfao what in the crack head",HOF,PRFN
968,4835,60c5d6bf5659ea5e55def7d9,"""don't wear makeup"" bitch i will peg u",HOF,PRFN
969,1851,60c5d6bf5659ea5e55defd25,you should send a stranger some cash for no reason other that what they look like and who they fuck,HOF,PRFN
972,2146,60c5d6bf5659ea5e55deff2a,Whoever was the first person to design a bathroom with the light switch on the other side of the door was a real asshole.,HOF,PRFN
981,2973,60c5d6bf5659ea5e55df0155,"im such an impatient bitch when im hungry, i rly do feel bad for those subjected to me in this state like i can really hurt some feelings without even meaning to",NOT,NONE
983,4981,60c5d6bf5659ea5e55def99a,"Just letting him rest there for a moment while splaying his hands on ZZSs hips to feel every minute twitch. Then he starts to move his head, up and down, slowly and teasingly. He circles his tongue around the soft head of ZZSs dick and the other moans above him.",HOF,PRFN
992,3607,60c5d6bf5659ea5e55def586,Ooooo this bitch got 4 kids at 24,HOF,OFFN
995,2158,60c5d6bf5659ea5e55df0048,"Y'all testing my patience eh? I'm damn shut up now. Don't dare me to say such things then after that you'll call me ""bastos""? Wtf was that eh? HAHAHAHAHA fuck that mindset. Let me do the things I want 'cause those are my fucking peace of mind. That's my rest.",HOF,PRFN
996,4395,60c5d6bf5659ea5e55defe99,"inb4 you snap back at me for ""bootlicking jacob"" or something similar. i'm not coming at you because you shat on jacob. i'm coming at you because you're being a cunt. there are better ways to vent your anger and frustration.",HOF,OFFN
1005,4353,60c5d6bf5659ea5e55defe1f,Every little thing is pissing me off today &gt;:( Whadda heck goin the fuck on?,HOF,PRFN
1012,3812,60c5d6bf5659ea5e55df0138,"am i an asshole for getting annoyed at people that bother me when i walk my dog LOL. like ok, he is cute, but fuckin a i wanna have a nice walk, not stand there and let you pet him for 5 minutes. leave me alone pls",HOF,PRFN
1019,3954,60c5d6bf5659ea5e55def93f,Not this teacher again slimy bitch,HOF,OFFN
1036,3023,60c5d6bf5659ea5e55df04c4,"cishets in my country are such low-lifes, they bash the community for liking the same gender but look at what they do. premarital sex, watch and masturbate to porn everyday.. so whos the sinner now, fucker",HOF,PRFN
1037,2841,60c5d6bf5659ea5e55df0437,JEALOUSY A BITCH IT LOOK LIKE.,NOT,NONE
1045,5035,60c5d6bf5659ea5e55def217,"Writing this post is making my tongue numb, reminding me of a death injury. And I find this line: ""the cutting out the tongues of prophetic poets."" Shit's constantly the same, actually.",NOT,NONE
1049,1689,60c5d6bf5659ea5e55defcb0,This asshole's a fucking pig!,HOF,PRFN
1061,2125,60c5d6bf5659ea5e55deff36,found out the reason I scream bloody murder when ppl startle me is a direction manifestation of my manic depression LMFAO so basically I cant help it and ima be a scary bitch forever. LMFAOOOOO I love learning stuff about me,HOF,PRFN
1066,1263,60c5d6bf5659ea5e55def972,"How many times a day do you think, say, or just want to scream.... MOTHER FUCKER!!!!!  I'm averaging about 31 these days.",HOF,PRFN
1071,843,60c5d6bf5659ea5e55def690,HIT! NOT HOT!!! FUCK YOU ACTUALLY,HOF,PRFN
1074,4966,60c5d6bf5659ea5e55def7a3,robert you can come to me at the end of july :) idk what about abdul .asshole dont keep animals at home. come join us in ours factory i have a pland to realise for 100k pln monthly on head come we will work this out and go to miley. we can pay for a jet to LA but leave itto Miley,HOF,PRFN
1088,4556,60c5d6bf5659ea5e55def6bf,I was a poor little kid in the lungs of new York Just like a motherless son of a bitch Loaded on ephedrine looking for downers and coke Like a sun that just wouldn't set out on the horizon Singing and dancing to them nighttime songs,HOF,PRFN
1104,4888,60c5d6bf5659ea5e55def723,T3chn0 you son of a bitch Making me watch your content again for drm lore this is SICK,HOF,PRFN
1114,505,60c5d6bf5659ea5e55def348,"I just want a medium fine man, thats stable, can cook, romantic, slightly an asshole, and want to love up on me.",HOF,PRFN
1121,972,60c5d6bf5659ea5e55defa12,Niggas a really act like they dont fwu or dont know you just for some pussy.. I thought you was my dawg ,HOF,PRFN
1138,694,60c5d6bf5659ea5e55def6c2,So am I at work and just found out that I dont work today because apparently I was supposed to work the holiday yesterday and that message was not relayed to me so why is my supervisor mad???..dont know dont care but I hope he has a miserable day im out this bitch,HOF,PRFN
1143,148,60c5d6bf5659ea5e55def119,any esports teams need a cheerleader??? a hooker? anything???? me need job,HOF,PRFN
1145,2444,60c5d6bf5659ea5e55df01ff,starting to think my parents  exaggerated the vaccine side effects,NOT,NONE
1154,2948,60c5d6bf5659ea5e55df00b7,"imagine yer name was that cunt from Polygon, but ye wisnae wantin a gobble",HOF,PRFN
1179,3105,60c5d6bf5659ea5e55df04a4,Guess whos officially CPR certified! This bitch!!,NOT,NONE
1210,4937,60c5d6bf5659ea5e55def8c8,Do you just want dick or do you want love?,HOF,PRFN
1220,926,60c5d6bf5659ea5e55defa6a,"You know, if Felder would have gotten the decision over Hooker; he would have likely fought Michael Chandler and he could have won that via being insanely tough.",NOT,NONE
1226,2321,60c5d6bf5659ea5e55df01fb,"play with my pussy, but don't play with my 'motions.",HOF,PRFN
1232,3670,60c5d6bf5659ea5e55deff96,this is why i needa get my shit together and get in shape . im tryna look fine af,HOF,PRFN
1233,2525,60c5d6bf5659ea5e55df02c9,Fuck you *kills Reagan*,HOF,PRFN
1234,446,60c5d6bf5659ea5e55def2f9,my tl so fuckin dry im tryna see some pussy!!!,HOF,PRFN
1263,3447,60c5d6bf5659ea5e55def359,"Just a heads up to any would-be felons: The line between clinically insane criminal and disturbed psychopath who's going to federal prison is a fairly defined and contoured one. And yes, I just watched the Parkland shooter interview and he's a despicable lil twat",HOF,PRFN
1264,4816,60c5d6bf5659ea5e55defa42,"Be like a Russian whore, Piss on Trump",HOF,PRFN
1265,248,60c5d6bf5659ea5e55def153,"There has never been a more perfect time for that girl who lost her NASA internship because she said ""fuck you"" to a member of the National Space Council to resurface",HOF,PRFN
1273,3839,60c5d6bf5659ea5e55df020d,Wasnt planning on being productive today at all but here I am getting shit done ,HOF,PRFN
1281,1778,60c5d6bf5659ea5e55defd87,It made me feel so good my daughter damn near jumped to her teacher this morning !,NOT,NONE
1289,4,60c5d6bf5659ea5e55def14a,I apologized to this one for nothing??? Nirudishie my apology twat,HOF,PRFN
1297,2270,60c5d6bf5659ea5e55df01a7,Big klifford the red dog bitch bloody than a mf,HOF,PRFN
1327,1487,60c5d6bf5659ea5e55defc62,"Me at 4.30pm ""ahh at least the day is over""  The business energy provider switching company calling at 4.32pm ""guess again motherfucker""",HOF,PRFN
1343,1724,60c5d6bf5659ea5e55defe69,Bloody hell.,NOT,NONE
1346,3261,60c5d6bf5659ea5e55df04a6,Duncan Ferguson? Fuck off Eddie Howe? Fuck off Chris Wilder? Fuck off  Not arsed who it is but leave them 3 well alone,HOF,PRFN
1363,3550,60c5d6bf5659ea5e55def421,"""I'm a pirate! I have a hook! I'm a hooker!"" - my child",HOF,PRFN
1376,3303,60c5d6bf5659ea5e55def140,"I hope that son of a bitch that hit the 50 year old woman in NEW YORK, goes to prison for life. When and if he ever gets out of prison, you can bet hell have a few greeters waiting for him. There may be some greeters waiting for him in the Tombs.",HOF,OFFN
1386,3157,60c5d6bf5659ea5e55df029d,"structural changes in the system. the one who claimed to be the original, Apollo, is a skeevy, thieving, shitbag asshole. he stole my life, took over, named himself original, and then tried to get rid of Lukas and I so it was his life not ours. a",HOF,PRFN
1391,3979,60c5d6bf5659ea5e55defa11,Southgate is a waistcoat wanker pass it on,HOF,PRFN
1397,3555,60c5d6bf5659ea5e55def4e0,"Imagine being in the handful of people on Twitter whos a complete cunt! They must be struggling for happiness, Sad really.",HOF,PRFN
1400,4141,60c5d6bf5659ea5e55defabf,"techno scheduled a fucking stream, is this motherfucker really about to drag me by my nappy ass head back into this fucking smp",HOF,OFFN
1412,1947,60c5d6bf5659ea5e55df002a,FANTASY: paint naked outside while I ride a dick.. is that to much to ask?,HOF,PRFN
1420,1044,60c5d6bf5659ea5e55def8c0,If I even make it there lmaoo cuz this bitch drivin like her eyes closed,NOT,NONE
1433,2984,60c5d6bf5659ea5e55df00ac,"Anyone,  And I repeat,  ANYONE,  Who posts ANYTHING personal on here,  Is ...  And I can't stress this enough ...  An ATTENTION SEEKING CUNT.",HOF,OFFN
1445,643,60c5d6bf5659ea5e55def655,one thing thatll really piss me off is when somebody ask me for help with something that they can do themselves like dont even be needing help just want me to do it for them,NOT,NONE
1458,3405,60c5d6bf5659ea5e55def4b7,Lauren W and Milo are co-hosting Tru News. I dont think his Dick Sobriety has been near long enough. Im afraid he might go on a Dry-Hump.,HOF,PRFN
1465,2970,60c5d6bf5659ea5e55df0134,I hate people who double check my work. Bitch you aint even know what you was looking for before you called in here ?????,HOF,HATE
1487,2166,60c5d6bf5659ea5e55defeeb,Dont fucking piss me off,HOF,PRFN
1492,83,60c5d6bf5659ea5e55def27c,welp,NOT,NONE
1497,2252,60c5d6bf5659ea5e55df01d1,HE WROTE IN MY BOOK WTF AMBSKABSKANKSJAKAJAKANA IM SO MAD NOW HHHHHHDJSBJSJAKSKAA AND OTS IN PURPLE FUCKIN MARKER ????????? BITCH- GRRRGDJDBAJBSKA IM SO MAD RN,HOF,PRFN
1499,3020,60c5d6bf5659ea5e55df044a,"on god I see one more straight mf talk about pride is about me simping for ___ Im really gonna lose my shit. that aint funny or cute, literally shut the fuck up you goddamn fool.",HOF,PRFN
1503,489,60c5d6bf5659ea5e55def35f,so I have decided that I only want to continue fucking with no feelings attached. Kind of not mentally ready for something serious. So I need tips. Help me release my inner whore ,HOF,PRFN
1504,2109,60c5d6bf5659ea5e55deffa5,"[HW] ""Ilberd, you sick bastard. You sick, swiving BASTARD! I'll hack you to pieces with my lance, see if I don't.""",HOF,PRFN
1521,796,60c5d6bf5659ea5e55def5fe,Bloody day began now its time to be as evil as I can be son of a bitch,HOF,PRFN
1532,3513,60c5d6bf5659ea5e55def33a,Civil War fact of the day: Maj Gen Joseph Hooker frequented brothels so much troops started calling the women who worked there Hookers Girls. Later it was shortened to just Hookers And that's how working girls got the nickname,HOF,PRFN
1544,152,60c5d6bf5659ea5e55def15e,State of Southgate the big waistcoat wanker!  Just done a press conference saying Jesse Lingard will start tomorrow in the friendly despite not being picked for the tournament!  I mean what the f**k! Hows it a warm up game of your playing players not going??!?!?,HOF,PRFN
1548,3362,60c5d6bf5659ea5e55def32d,Im about to say bloody Mary three times so I can get a bitch to talk to.,HOF,PRFN
1565,4019,60c5d6bf5659ea5e55defbf9,joking about someones trauma doesnt make you funny it makes you a complete asshole,HOF,PRFN
1568,2544,60c5d6bf5659ea5e55df041f,AND SOMEONE TELL THIS FUCKER TO UNBLOCK ME,HOF,PRFN
1571,2618,60c5d6bf5659ea5e55df0443,"car's turning. maybe, no blinker of course, but seems turn-ish. does he see you? who the fuck knows. life's rich tapestry.",HOF,PRFN
1576,442,60c5d6bf5659ea5e55def49c,"Why tf this man called me talkin bout his order wont take his damn gift card after he put the pin in. Whole time his dumbass aint put the card number in talkin bout ""woah, what a number"". Get yo pale ass off my line SIR!!! Neeoooww!",HOF,PRFN
1589,5058,60c5d6bf5659ea5e55def2a3,Why was i working today and this old ass lady tells me.. boy! Id eat that dick up! ,HOF,PRFN
1590,2478,60c5d6bf5659ea5e55df0126,Dick eating ass homegirl too,HOF,PRFN
1593,4425,60c5d6bf5659ea5e55defd36,"WE ARE GROWN. I dont know how many times i have to announce that. Fuck who you wanna fuck, love who you wanna love, do what you wanna do and shut the fuck up talking to me.",NOT,NONE
1614,381,60c5d6bf5659ea5e55def423,"Well maybe an overview will do:  Orlando here. | 30 | Black Freak top | Pretty open   Only thing I dont do is take dick.   Yes, ima top &amp; I enjoy my ass being ate Also, I love getting head just as much as I love giving it. Down for groups, couples, etc.",HOF,PRFN
1621,4106,60c5d6bf5659ea5e55defbb3,"Exactly like sex. They think my hair isn't connected to my head but is a ""dick"" that's brown (and made of hair!) right in front of my face if I wash my hair in the ""over the bath"" way. Also hair has follicles and that word can mean something about a womb as well.",HOF,PRFN
1622,1847,60c5d6bf5659ea5e55defcda,Thought I was enjoying a John Lee hooker album but it was the same song 3 times cos I accidentally hit the repeat button. Didnt even notice lol,NOT,NONE
1648,4001,60c5d6bf5659ea5e55def973,stop with the samsung samantha rule 34 i can only beat my dick so much,HOF,OFFN
1656,3381,60c5d6bf5659ea5e55def38d,Bloody Marys are in the bad bitch hall of fame,HOF,PRFN
1664,1151,60c5d6bf5659ea5e55defa85,"Damn I know its time to upgrade, but I love my IPhone 8+ ",NOT,NONE
1677,4802,60c5d6bf5659ea5e55def98a,sometimes i want sliced cheese in my sandwich and sometimes i want grated cheese in my sandwich. they both have their own unique vibe and both are equally valid. if you can't deal with that then fuck you,HOF,PRFN
1688,357,60c5d6bf5659ea5e55def36e,no thoughts head empty just blue bandana dick necklace pink &amp; blue shorts ,HOF,PRFN
1694,4242,60c5d6bf5659ea5e55defbf3,Not my dad telling me he cant do my brakes cause he gets his second shot tomorrow. Nigga fix my shit. ,HOF,PRFN
1701,4446,60c5d6bf5659ea5e55defe44,You would think any cis person in my position would bring a case and they do and they win. You would think the trans community with all its connections could find one none wanker of a lawyer but no. Too obvious. Too easy. But fuck they know how to look after themselves.,HOF,PRFN
1706,4673,60c5d6bf5659ea5e55def99e,"""God, did you hear about that stupid guy who works at Youtube who is a total fucker? I think his name is Ian""",HOF,PRFN
1708,3955,60c5d6bf5659ea5e55def9ab,your shag is not a mullet i am going to jump you,HOF,OFFN
1711,4169,60c5d6bf5659ea5e55defb08,Little dick shouldnt come with a headache...my head already hurt from sucking it.,HOF,PRFN
1719,4790,60c5d6bf5659ea5e55def830,verizon can sponsor my full out cunt,HOF,PRFN
1722,1714,60c5d6bf5659ea5e55defd4d,kratos was like damn i killed my father hope my child doesnt kill me,NOT,NONE
1727,607,60c5d6bf5659ea5e55def6bc,her shit hairy as hell,HOF,PRFN
1740,4599,60c5d6bf5659ea5e55def5a1,"Native American situation, and slavery didn't do a big cigar might go, What a bastard! And he said, You British?",HOF,PRFN
1748,1359,60c5d6bf5659ea5e55def90c,TABS HAIR DEFO GONNA SHAG HER TOMORROW NOW,HOF,OFFN
1756,2243,60c5d6bf5659ea5e55df0061,imagine being scared of bloody mary. all you really gotta do is clean ha ass off  its just a regular ass yt bitch,HOF,PRFN
1758,1594,60c5d6bf5659ea5e55defc85,"Just walked in on my missus.  Thats it, Ive had enough , cant take anymore.  Ffs Emmerdale Farm and Corporation Street is bad enough but shes watching something called  The Masked Dancer  What a load of bollocks.",HOF,PRFN
1760,4151,60c5d6bf5659ea5e55defbd2,candace is trending and its not a dn joke??? fuck that,HOF,PRFN
1774,3377,60c5d6bf5659ea5e55def2e6,"How the fuck John get a car before me  that stupid ass bitch, when I come home Im gonna steal hoes whip",HOF,OFFN
1784,4662,60c5d6bf5659ea5e55def8e2,Does anyone else just sit there thinking Nikki Haley is a cunt,HOF,PRFN
1787,4176,60c5d6bf5659ea5e55defbe7,"Every arsenal fan towards Chelsea fans feel like iblees when he got told to go down on his knees and head for Prophet Adam. Bloody hell instead of improving we want the others around us to fail, we r the ones who should be called Red Devils ",HOF,PRFN
1789,256,60c5d6bf5659ea5e55def21b,unpopular opinion.....bro mfs who take showers longer than 45 mins piss me off... wtf are you doing? washing the INSIDE of your ass or........,HOF,PRFN
1794,3976,60c5d6bf5659ea5e55def92e,I really do love the fact that Im not a boring cunt that plays a sport and does nothing else in their spare time,HOF,PRFN
1796,4500,60c5d6bf5659ea5e55df001a,I been missing out on sushi. that shit so good ,NOT,NONE
1798,718,60c5d6bf5659ea5e55def563,Having a tick on the head of your dick is better than receiving a Chuck Norris roundhouse kick in your neck.,HOF,PRFN
1800,4782,60c5d6bf5659ea5e55def81d,"I need to post my dick on this app. And I want y'all to hype me up and say ""omgsss"" ""wow wow wow"" If not, una fit ment o",NOT,NONE
1801,1180,60c5d6bf5659ea5e55defa38,C!NIKI IS GONNA FIND OUT ABT WILL FUCK IG I GOTTA WATCH THE DAMN STREAM /neg,HOF,PRFN
1802,4107,60c5d6bf5659ea5e55defbcb,"I never understand this fans celebrate xxxxxs birthday yeah wish them Happy Birthday, but what sort of sad fucker actually celebrates somebody they dont know personally birthday?",HOF,PRFN
1805,581,60c5d6bf5659ea5e55def522,Any BADD BITCHES IN VEGAS? Im tryna collab and eat some pussy lol,HOF,PRFN
1821,2176,60c5d6bf5659ea5e55df0029,how deep my kameez ke galay are is a testament to how much of a whore my darzi thinks i am,HOF,PRFN
1843,1348,60c5d6bf5659ea5e55def802,This bitch say she sell pussy but her phone was on silent. Im confused.,HOF,OFFN
1854,4700,60c5d6bf5659ea5e55def7d2,Why are people only now cancelling Fatalas? Him wanting to shag kids has been going on forever. I remember him taking it to Dms trying to convince me otherwise and NO ONE seemed to care.,HOF,PRFN
1864,3762,60c5d6bf5659ea5e55df0073,Nvidia is at that point where they are pushing out random cards because they know it will sell out and they dont care who it is giving them the money. Fuck off.,HOF,PRFN
1877,2112,60c5d6bf5659ea5e55df0010,He went as far as to install a tracking app on his own phone and watch his conversations with other people. He was also manipulating son of a bitch who made Taehyung think no one else will love him as Bogum loved him.   He is not going to fall into all of that.  Not again.,HOF,PRFN
1883,63,60c5d6bf5659ea5e55def165,14. Daddy I wanna fuck you so bad and I wanna finish with a round of applause,HOF,PRFN
1885,2586,60c5d6bf5659ea5e55df04f1,Still haven't fully come to terms that my team are European champions.   Lol. Bloody hell. A team that by December made me hate football,HOF,PRFN
1897,27,60c5d6bf5659ea5e55def1fa,"Happy pride month, perverts. Consider this a challenge: get out there and poz some neg cunt this month. ",HOF,PRFN
1899,3072,60c5d6bf5659ea5e55df0477,Pride month. Go eat you some pussy.,HOF,PRFN
1902,118,60c5d6bf5659ea5e55def1a7,Place your bets: Whos gonna cry like a little bitch when the doctor yanks out this IUD??,HOF,PRFN
1903,3116,60c5d6bf5659ea5e55df0412,"Keep it playa like a pimp, cant cuff no hoes I aint a simp",HOF,PRFN
1906,4121,60c5d6bf5659ea5e55defbd4,i got three looks and that's it homeless man twelve years boy and A HOOKER,HOF,PRFN
1937,3702,60c5d6bf5659ea5e55deff45,stolen tell me what energy i give off - the mean blunt bitch everyone loves - main character - antagonist - best friend - goofy side character - nerdy side character - the dumb one that gets kiIIed - love interest,HOF,PRFN
1940,1771,60c5d6bf5659ea5e55defe50,These fucking apartments piss me off weekly,HOF,PRFN
1941,710,60c5d6bf5659ea5e55def63d,Disgusted thinking back to the shit that I once settled for,HOF,PRFN
1946,273,60c5d6bf5659ea5e55def354,Door dash dude ran his ass smooth off  my mans pulled a K Michelle on him get the fuck off my damn porch,HOF,PRFN
1954,4660,60c5d6bf5659ea5e55def8c7,"i just love bread  baguettes, french bread, croissants, garlic bread, hawaiian rolls, texas toast, focaccia, biscuits, money. im a bread whore.",NOT,NONE
1957,3956,60c5d6bf5659ea5e55def9f6,Smoking weed w a pretty thot her pussy getting hot,HOF,OFFN
1976,2881,60c5d6bf5659ea5e55def15d,"He always knows just how to piss me off, Even if i beg he won't lay off.",NOT,NONE
1989,157,60c5d6bf5659ea5e55def1c5,"if you wanna shag me just say that, no dey disguise. ",HOF,PRFN
1995,2547,60c5d6bf5659ea5e55df04b6,"I am so sad that some of my crew missed glory days of my mako driving skills. Sir Isaac Newton it the deadliest motherfucker in space, but his rules don't apply to the mako.",HOF,PRFN
2002,2477,60c5d6bf5659ea5e55df011f,Im a bloody bitch,HOF,PRFN
2005,1563,60c5d6bf5659ea5e55defc50,wait FUCK i mean this summer,HOF,PRFN
2018,3327,60c5d6bf5659ea5e55def264,why don't you do it on the private account you blocked me on? or are you that much of an attention whore you felt the need to go at someone publicly for no reason?,HOF,OFFN
2067,3010,60c5d6bf5659ea5e55df02dc,Chuck Woolery blocked me five years ago when I called him a racist shitbag and I see he is trending so Im guessing it is because he is a racist shitbag.,HOF,OFFN
2072,556,60c5d6bf5659ea5e55def4bf,Ancelottis a bit of a wanker isnt he,HOF,PRFN
2080,1285,60c5d6bf5659ea5e55def88d,JUST WANNA BE HIS WHORE,HOF,OFFN
2082,4717,60c5d6bf5659ea5e55def9fa,if you feed your dog beer or you blow smoke in your dogs face you are not only an asshole but you deserve to have your face beaten to oblivion,HOF,PRFN
2084,358,60c5d6bf5659ea5e55def38b,"My friend asked what it would take to get me to stay at my job. I told her that if they all eat a dick, I'll stay.",HOF,PRFN
2087,3859,60c5d6bf5659ea5e55df00e6,lemon demon fnf is so dumb and ugly motherfucker you are a lemon and you're fucking BALD I hate you,HOF,OFFN
2090,51,60c5d6bf5659ea5e55def167,At least i dont have higj class hooker syndrome,HOF,PRFN
2091,1078,60c5d6bf5659ea5e55def7ef,Bitch,NOT,NONE
2100,1949,60c5d6bf5659ea5e55df0052,"Why did he refuse when this feels so so good? Why did he deny himself and Lao Wen? His hands curl in WKXs hair as the other sucks on his dick messily. The sounds are incredibly filthy and it's so so hot. The lights are dim, but when he lifts his head to look at WKX",HOF,PRFN
2109,2237,60c5d6bf5659ea5e55deffc7,What us the point of using students as pawns to reopen when they have a couple of weeks left? Reopen officially in September and avoid another friggin outbreak Im so over this shit,NOT,NONE
2121,811,60c5d6bf5659ea5e55def582,Wish I could get some dick in LA before I head to San Fran tonight,HOF,PRFN
2126,4945,60c5d6bf5659ea5e55def9f5,"I keep on getting stronger cause Im too damn mean to die, cause Im a scumbag! It dont hurt my feelings none, Im a scumbag",HOF,PRFN
2128,4408,60c5d6bf5659ea5e55defe68,"whenever i u guys making fun of flamboyant gay people, it always makes me want to be more flamboyant to piss u guys off (and for myself, shit seems fun) im a goddamn dudebro but i trust the rainbow gays more than the mfs who make fun of them",HOF,OFFN
2146,3540,60c5d6bf5659ea5e55def4d0,"But instead of a mask it's a dick. You're like Bane but with a dick in his mouth. And instead of running you're head-banging like you're at a rock concert. Anyway, just food for thought.",HOF,OFFN
2158,3994,60c5d6bf5659ea5e55def860,If youre eating a burrito you are legally not allowed to set that fucker down til youre done,HOF,PRFN
2159,1951,60c5d6bf5659ea5e55df0085,Ur son of a bitch ,HOF,PRFN
2160,4033,60c5d6bf5659ea5e55defbc6,Why the fuck am i so nice to you lol,HOF,PRFN
2163,2911,60c5d6bf5659ea5e55df01ae,"Time to start a grassroots activist group dedicated to having Real expelled from La Liga, enjoy coaching in Tercera Grupo VII you cunt",NOT,NONE
2168,3980,60c5d6bf5659ea5e55defa4e,I Dont Mind A Bitch Talking About Me But Dont Lie On My Name  Thats Gonna Piss Me Off,HOF,PRFN
2171,3221,60c5d6bf5659ea5e55df04ee,1. Don't be a dick,HOF,PRFN
2177,2076,60c5d6bf5659ea5e55defeb8,"United States BEEN READY for war, the fuck you thought boi???   but rs tho this whole thing about a song title lol",HOF,PRFN
2184,5019,60c5d6bf5659ea5e55def1c8,damson cant be nigerian....i would have told all of yall to piss off and went about my day,NOT,NONE
2195,69,60c5d6bf5659ea5e55def226,See? Im not an asshole,HOF,PRFN
2201,1713,60c5d6bf5659ea5e55defd10,Whore curtain,HOF,PRFN
2207,260,60c5d6bf5659ea5e55def276,A crazy ass woman victimized non stop for 10 years by retarded ass wanna be rapper and drug traffickers finally snaps shit gets real fucking ugly and real damn bloody and it's legit gonna feel so damn good to finally do too bitch its about to be the biggest relief of my damn life,HOF,PRFN
2221,2768,60c5d6bf5659ea5e55df02cc,"Im no longer making excuses for the shitty things people have done to me because i cared deeply for them.  Fuck the if you ever need me, call me i dont care if youre dying, dont contact me.",HOF,PRFN
2227,4359,60c5d6bf5659ea5e55defcf6,i'm in the bitch mood,NOT,NONE
2229,986,60c5d6bf5659ea5e55def9a5,/ / fuck yall if you guys hav comms open let me know and i will gladly waste my money that i should be saving but i want art!,HOF,PRFN
2234,3375,60c5d6bf5659ea5e55def4a4,"This boy wanna be me so bad, all he can do is throw shade disguised as jokes. He really wish he had a pussy.",HOF,OFFN
2236,1980,60c5d6bf5659ea5e55deff92,Whoever is playing Plague with the premium pack knock it the fuck off!,HOF,PRFN
2262,4980,60c5d6bf5659ea5e55def999,"i will literally kms theres no way this bitch has the same venus, mars, jupiter, saturn, uranus, neptune AND pluto as me and has a fucking cancer moon LITERALLY DIE WHORE",HOF,PRFN
2270,3635,60c5d6bf5659ea5e55deff81,Im a about to piss yall off but this is too funny,HOF,PRFN
2286,4801,60c5d6bf5659ea5e55def8b0,"Some of these people who used to diss ya in school,aint look like nein now ya cunt just musty and break ic.",HOF,PRFN
2300,1997,60c5d6bf5659ea5e55deff0f,"I still hate akito but.. idk how to feel about this episode tbh. I cried, but fr the show made me step closer to forgiving the asshole for the shit she did. Tohrus too kind man ",HOF,PRFN
2301,1659,60c5d6bf5659ea5e55defd1b,im Captain Ahab except i k!lled that son of a bitch whale.,HOF,PRFN
2308,1731,60c5d6bf5659ea5e55defd21,"[""I am such a whore!"" I shout at the juices, ready to punch everything.  ""Don't worry, honey, we all are."" An old grandma says cooly next to me, ""just takes the right man to bring it out of us.""]  I CHOCKED WHILE READING THIS AHAHAHAH IT WAS AMAZING ",HOF,PRFN
2322,173,60c5d6bf5659ea5e55def1bb,yall be on here arguing rap with accounts that didnt know who pimp c was til views,HOF,PRFN
2326,1916,60c5d6bf5659ea5e55defd32,Motherfucker with a badge and a gun,HOF,PRFN
2335,305,60c5d6bf5659ea5e55def34b,flights b fucking my ears upppp. cant hear a got damn thing,HOF,PRFN
2337,2380,60c5d6bf5659ea5e55df01ee,i want to bite a dick,HOF,PRFN
2349,202,60c5d6bf5659ea5e55def1e2,BITCH WHAT IN THE FUCK ARE THE KIDS DOING WITH A WHOLE ASS WAGON SLAMMING THROUGH FENCES LIKE THST,HOF,PRFN
2360,4426,60c5d6bf5659ea5e55defd45,"Happy pride month, especially to those who have never felt safe enough to be open about themselves. A big ""fuck you"" to anyone who needs to ""process"" you being who you are.",HOF,HATE
2380,1685,60c5d6bf5659ea5e55defe47,"*steaks*  Fuck you, autocorrect.  Take it up with English, not with me.",HOF,PRFN
2404,1437,60c5d6bf5659ea5e55defb20,"Getting a gas station chicken dog for lunch, cause I'm fancy like that, I started to drop it &amp; tossed it when I tried to catch it. As it was careening though the air across the place, I thought, yeah, this is why I'm a smooth motherfucker",HOF,PRFN
2410,109,60c5d6bf5659ea5e55def2c6,pink pussy latte,HOF,PRFN
2436,692,60c5d6bf5659ea5e55def692,sadboi manipulative motherfucker y'all are disgusting,HOF,PRFN
2447,610,60c5d6bf5659ea5e55def615,should i... post my pussy perhaps?,HOF,PRFN
2464,4085,60c5d6bf5659ea5e55defb5e,whore isnt even an insult at this point idk why men use it. like how am i gonna be offended by a word that men brainlessly use against virgins it has no meaning,HOF,HATE
2467,1977,60c5d6bf5659ea5e55deff5f,Suck his dick at home call that house head,HOF,PRFN
2468,719,60c5d6bf5659ea5e55def56a,jesus!!! fuck shit!!! son of a fucking bitch i am at my limit!!!!! holy shit!!!!,HOF,PRFN
2469,2208,60c5d6bf5659ea5e55df0009,If I had a trapper i b out here hitting mfs just cause they piss me off,HOF,PRFN
2477,2955,60c5d6bf5659ea5e55df01a4,"Stop conflating anti-Zionism as anything BUT anti-Zionism challenge 2021. Oh look, Eve Fartlow's already failed. Same with every shitbag Zionist standing by her.",HOF,OFFN
2479,2138,60c5d6bf5659ea5e55df0057,We'll never even get to boo the stroke-eyed arl cunt either.,HOF,PRFN
2489,2757,60c5d6bf5659ea5e55df0405,just putting this out there before i hit 1k:  im a sex pest freak psycho a real son of a bitch,HOF,PRFN
2491,4527,60c5d6bf5659ea5e55def5db,"I see you too are an idiot son of Donkey Kong. Daddy says jump, we jump. Sokay. Video killed the radio star but video games brought her back to life. Also, God loves you... but I am her favorite.",NOT,NONE
2493,2054,60c5d6bf5659ea5e55defecf,Ancelotti is a fucking rat!! Hope his flight goes down the cunt,HOF,PRFN
2499,3275,60c5d6bf5659ea5e55def2ba,Mum just blaming my suicidal thoughts on me drinking energy drinks. Bloody hell.,HOF,PRFN
2514,4710,60c5d6bf5659ea5e55def954,"stabilize this relationship. Its just  him dealing with the fact that  he does this, he loses all chances with Shao Kahn. Or, really, the one singular chance he was given recently. Love is a pile o piss in the dirt, aint it? I go n try for weeks t shag your",HOF,PRFN
2520,1117,60c5d6bf5659ea5e55def755,"Fucker, you dont think I see what youre doing right now? You think youre fucking helping me? I know youre using me. Let me help you use me. Okay?",HOF,PRFN
2525,2487,60c5d6bf5659ea5e55df01a5,MAYA YOU LITTLE SHIT,HOF,PRFN
2538,2900,60c5d6bf5659ea5e55df0229,"Ion know what the hype is but ion like head til I cry, dick me down til I cry ",NOT,NONE
2546,3623,60c5d6bf5659ea5e55deff51,Done letting shit get to me .. If thats what u on we on that,HOF,PRFN
2550,3788,60c5d6bf5659ea5e55df0207,you know i like you like that i hate that son of a bitch,HOF,PRFN
2569,1877,60c5d6bf5659ea5e55defe67,just watch how i do this shit ,NOT,NONE
2575,3351,60c5d6bf5659ea5e55def394,This exam is making me dizzy bloody hell and to top it off another 1 tomo gr8,HOF,PRFN
2576,2234,60c5d6bf5659ea5e55deff99,Let me haunt that pussy,HOF,PRFN
2581,2500,60c5d6bf5659ea5e55df0292,Have your shit together when we come,HOF,PRFN
2586,998,60c5d6bf5659ea5e55def6ea,ill never get over the at least theyre honest take on someone behaving like a total asshole,HOF,PRFN
2614,3711,60c5d6bf5659ea5e55defed5,You stop talking to a bitch and shell hit up everyone she claimed she didnt give a fuck about ,HOF,OFFN
2634,4636,60c5d6bf5659ea5e55def902,"Appreciate the support and messages today. Good to have each other when this whole shitbag disaster gets to us. I blame no kip last neet. Someone has moved the sun 3 foot away from my bedroom window. Tomorrow will be better, always is xx",HOF,PRFN
2638,486,60c5d6bf5659ea5e55def331,i need a geo support so bad for shields because a certain geo twat did not come home  for now dionas shield keeps me going mwa,HOF,PRFN
2645,216,60c5d6bf5659ea5e55def1b7,omw to get the pussy discharge frappe,HOF,PRFN
2651,4375,60c5d6bf5659ea5e55defd7a,May as well do one cool/positive thing for pride month and pimp out myself and all my LGBTQ+ friends who make cool art shit in a thread! Were all grassroots creators who can use whatever support we can get! (THREAD!),NOT,NONE
2653,3771,60c5d6bf5659ea5e55df00bc,Observer's inhuman dick are massive enough that she can make cum countless time inside of you untill your belly become bloated. It will takes some time when you're about to worship her and become a mother of carrying Observer's child. Will you even take the challenge?,HOF,PRFN
2657,3238,60c5d6bf5659ea5e55df04ac,HATE,HOF,OFFN
2660,4587,60c5d6bf5659ea5e55def608,Herbalism shop Torrevieja Told that if he wants to confront me and I know for sure he won't do because he's simply a bloody motherfucker son of the ugliest bitch ever lived in this planet....,HOF,PRFN
2668,4957,60c5d6bf5659ea5e55defaac,"Just saw a prolapsed asshole, aka something that I never wanted to or needed to see. I hate the internet",HOF,HATE
2673,4696,60c5d6bf5659ea5e55def7a4,If there is any ounce of truth in the Malik Hooker and Cowboys rumors give the man a contract he can ball!,NOT,NONE
2674,989,60c5d6bf5659ea5e55def9ed,Do what you will with this information but being a whore is my true destiny and it is my legacy to fulfil it sorry folks!,HOF,PRFN
2683,4740,60c5d6bf5659ea5e55def854,get this bloody burger off my head before I stab a bitch,HOF,PRFN
2705,2790,60c5d6bf5659ea5e55df02b5,why complain about bein lonely when u have nothing to offer but pussy? that doesnt get u a solid relationship lol,HOF,PRFN
2711,872,60c5d6bf5659ea5e55def544,Imagine if cri cri wasnt around. You wouldve had to pimp your wife or girlfriend. Why you mad,HOF,PRFN
2712,982,60c5d6bf5659ea5e55def963,Im still weak cause it was not necessary to call me a bitch that mf so disrespectful ,HOF,PRFN
2721,4163,60c5d6bf5659ea5e55defbf0,If I ever have a son and one of you weird bitches refer to him as sexy I might donkey punch you in the top of yo shit. Thats hella predatory,HOF,PRFN
2738,1915,60c5d6bf5659ea5e55defd2f,Went drag racing  in my grandads car and my cousin also ran over a Russian hooker ,HOF,PRFN
2747,3588,60c5d6bf5659ea5e55def63b,I see a lot of shit. I dont speak on anything,HOF,PRFN
2753,4089,60c5d6bf5659ea5e55defbf1,"A man goes to a $5 hooker and gets crabs. goes to that same hooker and says "" Hey, u gave me crabs!"" The hooker replies, ""For $5 what did you expect? Lobster?"" ",HOF,OFFN
2759,5010,60c5d6bf5659ea5e55def10b,dont know who tf Margaret is but this bitch been giving people out the wrong phone number for at least a decade now and im fukin sick of getting her calls! like how tf do you not know youre number and at that continue to keep going out the wrong one when you set up appointments,HOF,OFFN
2762,321,60c5d6bf5659ea5e55def36d,The AD slander has gotten under my skin this year Im not gone lie.   &amp; it piss me off that he just has not been able to get or stay healthy this year. Folks been lyin on my guy name too much.,HOF,PRFN
2764,2543,60c5d6bf5659ea5e55df041d,// techno neg   fuck off and show us dream,HOF,PRFN
2767,3927,60c5d6bf5659ea5e55def87a,"/ Damn, that shit was so ASS. FUCK.",HOF,PRFN
2775,146,60c5d6bf5659ea5e55def2d8,You and your bloody High Definition Multimedia Interface can bloody well FUCK OFF. You understand? Got o hell bitch.,HOF,PRFN
2776,1281,60c5d6bf5659ea5e55def840,"today our birth givers threatened homelessness again if we dont make money off youtube, were trying our best to earn money off of yt but it likes to fuck w smaller creators so we. cant",NOT,NONE
2791,4369,60c5d6bf5659ea5e55defe91,"I wonder, did I give you dorks drooling in my DMs a permission to bother me with your bollocks?",HOF,PRFN
2792,2951,60c5d6bf5659ea5e55df00ff,opened my laptop to find a dead fly lmao that lil bitch was in there when i slammed the laptop closed last night,NOT,NONE
2794,1327,60c5d6bf5659ea5e55def8cf,") he's sooooooo cocky and arrogant sometimes. SERIOUSLY, it's astounding how much this fucker can have so much of a ego in one little twink body.   But it does make up for his charm and what makes him attractive.",HOF,OFFN
2812,840,60c5d6bf5659ea5e55def658,"Sexual harassment is fun to deal with when HR does a 24 hour gloss over OF the details and then tells me to fuck off but thanks me for being BRAVE, COURAGEOUS and reminds me that WE ARE ON YOUR SIDE.  Yeah, sure I say as I feel Im being punished for having the audacity to speak",HOF,PRFN
2830,121,60c5d6bf5659ea5e55def1fc,This guy has a whole ass fianc and is asking me to fuck .. TRASH,HOF,PRFN
2832,2571,60c5d6bf5659ea5e55df0288,Damn why my work give me 11 days of PTO? FUCK IT WE OFF TODAY,HOF,PRFN
2833,3393,60c5d6bf5659ea5e55def454,"how do i put in tinder bio that i have stage 4 cancer, short boyish hair after chemo, a shitbag and a scar as long as my stomach BUT im dtf-pls-dont-be-scared",HOF,PRFN
2852,4787,60c5d6bf5659ea5e55def894,If conte goes to Everton Im seriously gonna have to quit this 2 Bob Bollocks they call FoOtBaLl!,HOF,PRFN
2855,2331,60c5d6bf5659ea5e55df0173,"No wonder she messaged me on the first, I been livin in her mind rent free this whole time",NOT,NONE
2858,3685,60c5d6bf5659ea5e55defeb3,I hope Miguel never finds love or another girl that will pay for all his shit. He really a broke bitch.,HOF,PRFN
2863,4528,60c5d6bf5659ea5e55def628,I hope my ex sees this and knows shes a whore,HOF,PRFN
2869,4068,60c5d6bf5659ea5e55defb8c,If u cant handle me at my worst then leave cuz I dont have a best. Im always an asshole.,HOF,PRFN
2878,4898,60c5d6bf5659ea5e55def84c,"Shitbag Carlo, contracts mean fuck all now days.",HOF,OFFN
2897,2466,60c5d6bf5659ea5e55df0263,But also....my baby father told me to stop giving her pussy away so we bout to have a conundrum on our hands real soon.,HOF,PRFN
2898,61,60c5d6bf5659ea5e55def10f,"Fair play to Byron Hill and Spencer (not often I could say that about that twat) but, my God, was there ever a worse commentary than that? calling him B.H. in fifth when he was second last and then a load of vomit spewed out from the Wanker Weaver followed by the Bookies' Bitch.",HOF,PRFN
2908,646,60c5d6bf5659ea5e55def68f,"Well, good for you, I guess you're gettin' everything you want You bought a new car and your career's really takin' off It's like we never even happened Baby, what the fuck is up with that?",HOF,PRFN
2911,249,60c5d6bf5659ea5e55def19e,|| Okay don't hate me but Zhongli kinda has the same energy as that capitalism mother fucker from Robots.,HOF,PRFN
2914,1745,60c5d6bf5659ea5e55defce0,nobody:  me standing in front of a mirror  my mind: bloody marry bloody marry bloody marry  me: stfu you dumb bitch!,HOF,PRFN
2922,4466,60c5d6bf5659ea5e55defd43,"CNN is fucking stupid for having George Bushs head attorney on ETHICS to describe why Trump is bad, really?!? Iraq?! Guantanamo?! Dick Cheney?!",HOF,OFFN
2928,1636,60c5d6bf5659ea5e55defb38,just want the swagger of that one asshole drummer in the Cheerios shirt in the sorry you're not a winner video,HOF,PRFN
2931,4728,60c5d6bf5659ea5e55def767,Little dick shouldnt come with a headache...my head already hurt from sucking it.,HOF,PRFN
2942,741,60c5d6bf5659ea5e55def574,the fuck you mean a 34 yr old mother was stealing money from atinys.........,HOF,PRFN
2955,3392,60c5d6bf5659ea5e55def44b,"Divorced, Beheaded, Survived Lived, Served Cunt, Died",HOF,PRFN
2957,2886,60c5d6bf5659ea5e55def1de,"i need 2 get special cellphone gloves so i don't need 2 spend like 5mins a day polishing all the popcorn butter, weed ash &amp; sour skittle dust off this 90% glass motherfucker",NOT,NONE
2966,2203,60c5d6bf5659ea5e55deff75,"My cat is a tsundere bitch, i give her a kiss, she give me a bloody scratch on my cheek.",NOT,NONE
2972,2644,60c5d6bf5659ea5e55df0309,took son into cex this morning to get a new game. went up to pay for it. lad behind desk says good mornin. without a blink of an eye me son shouts back fuck off you bo smellin goth cunt whole shop erupts into laughs an cheers. hes only 1 year old!! cheers,HOF,PRFN
2990,2479,60c5d6bf5659ea5e55df0139,Niggas will walk around dirty asf cause they think self care is gay and wonder why their bitch wanna fuck with a bitchlil stank ass booty niggas,HOF,PRFN
3000,670,60c5d6bf5659ea5e55def53a,"happy pride im a bi bitch, have a good day",HOF,PRFN
3011,1933,60c5d6bf5659ea5e55defe94,"Everybody is a whore, we just sell different parts of ourselves  -Tommy(Peaky blinders)",HOF,PRFN
3016,383,60c5d6bf5659ea5e55def473,enough being a person of morals! im a villain fucker now,HOF,PRFN
3020,3772,60c5d6bf5659ea5e55df00c3,"Why do people find it so unbelievable that I want to work in screenwriting and directing, like bitch it's better than whatever you're doing, fucking data management freak.",HOF,OFFN
3022,726,60c5d6bf5659ea5e55def5bd,"When I use white vinegar in a recipe I really mean it. Bitch you better put that lemon back where you found it, get the 2 gallon jug out from under the sink, right next to the drain cleaner. White vinegar.",HOF,PRFN
3029,394,60c5d6bf5659ea5e55def3f3,"WHAT IF, CONCEPT,, YOU EAT Y FUCKING SHIT YOU ASSHOLE",HOF,PRFN
3044,5062,60c5d6bf5659ea5e55def2bf,U COCKSUCKING WHORE,HOF,PRFN
3054,1156,60c5d6bf5659ea5e55defaa3,My phone was dying in my damn hands lol,NOT,NONE
3082,336,60c5d6bf5659ea5e55def33d,"He definitely ripped this pussy, ayeee",HOF,PRFN
3084,2949,60c5d6bf5659ea5e55df00c6,Love is a crazy fucker,NOT,NONE
3103,4553,60c5d6bf5659ea5e55def665,"If you're one of those nutbars who's all ""I don't need help"" or ""I only want to unlock hidden stuff"" or ""I'll just look for a flowchart online,"" then you can piss off.",HOF,PRFN
3104,4332,60c5d6bf5659ea5e55defcb8,Wouldnt be a summer without Robbie Weston coming out with bollocks rumours acting like hes the most ITK bloke on the planet,HOF,PRFN
3116,2345,60c5d6bf5659ea5e55df01a3,I just know Im gonna order a bunch of clothes off shein and look like a whore this summer ,HOF,PRFN
3140,2259,60c5d6bf5659ea5e55df00a4,shit actually makes sense now,NOT,NONE
3143,2371,60c5d6bf5659ea5e55df0283,": Hehh? I don't know such scawwy pwoeple~  : Stop playing idiot, you son of a bitch!  : Samatoki-sama so scaawwyy~  : You little-!",HOF,OFFN
3181,958,60c5d6bf5659ea5e55def8f4," thrusts slowly. Its only the morning after all, but his hand speeds up around s dick, his fingers stopping to knead the sensitive head, until  is stomping his foot and whimpering.",HOF,PRFN
3193,2961,60c5d6bf5659ea5e55df024c,Next cunt challenge me in the middle lane without watching d time I parking and chilling till you  act right!!!! FUCKING Fedup dog!,HOF,PRFN
3200,414,60c5d6bf5659ea5e55def35a,the red flags may have been big... but his dick was even bigger amen,HOF,PRFN
3203,3856,60c5d6bf5659ea5e55df00c2,Queer people sharing H*rry P*tter themed pride posts rub me off the wrong way did we all collectively forget that the author is transphobic as fuck?,HOF,OFFN
3205,560,60c5d6bf5659ea5e55def571,SHOOT NOW ASSHOLE,HOF,PRFN
3215,4038,60c5d6bf5659ea5e55defc9d,i swear to god it this fucker baits dream out of us just so he gets views im rioting,HOF,PRFN
3220,969,60c5d6bf5659ea5e55def9d0,I understand when people do me shit  but once  I reciprocate I got tagged the bad egg ,NOT,NONE
3225,3289,60c5d6bf5659ea5e55def13b,gambler is ITTTT she serves cunt,HOF,OFFN
3227,392,60c5d6bf5659ea5e55def370,Im a fucking whore for displays of platonic connection,HOF,PRFN
3232,143,60c5d6bf5659ea5e55def22a,Im not eating homemade edibles. You gone fuck around and be the first to die off a edible ,HOF,PRFN
3238,4449,60c5d6bf5659ea5e55defcaa,She wanted some shitbag like Zoeller to get hard for her. It was so sad. All of us were so sad.,HOF,PRFN
3239,2976,60c5d6bf5659ea5e55df0191,"What utter bollocks these lockdowns are, so cases are up but deaths/serious reactions are down. Zero deaths from cases within last 28 days of positive test. All at risk groups covered so why the delay? Whos making money from this not joe bloggs",HOF,PRFN
3240,1213,60c5d6bf5659ea5e55def73e,Whats with all the hooker followers?,NOT,NONE
3276,4920,60c5d6bf5659ea5e55def6ff,Been single for 5 years now. I wanna date but this dating shit some huff,NOT,NONE
3293,3481,60c5d6bf5659ea5e55def414,Friendly reminder that you raised the generation you bitch about.,HOF,PRFN
3304,37,60c5d6bf5659ea5e55def181,painted my nails black now i feel like the baddest bitch,HOF,PRFN
3309,2741,60c5d6bf5659ea5e55df030e,"Now if you think that Bully behaves hurtfully out of fear, and you feel compelled to offer friendship, that's awesome.  If it turns out Bully hurts people cause they like it, you really do have an ethical obligation to your community to set that motherfucker on fire.",HOF,PRFN
3320,3557,60c5d6bf5659ea5e55def503,Bought something from eBay Hermes lost it seller refunded me parcel arrived today ffs contacted seller to pay because Im not a cunt Well not always,HOF,PRFN
3326,232,60c5d6bf5659ea5e55def136,Pimp C ft Bun B and Big K.R.I.T. - Grippin On The Wood (Clean),HOF,PRFN
3333,2607,60c5d6bf5659ea5e55df0284,In reality I am a loud mouthed asshole and clown that tries to play off by making butthole jokes. In reality I am incredibly stupid and hormonal and thing about big tits. But you only know me as a quiet and emotionless autist that draws and doesnt respond when you talk to her.,HOF,PRFN
3349,3716,60c5d6bf5659ea5e55deff25,Everton fans furious at the possibility of Eddie Howe taking over as manager . . . . they could do a lot worst than that and have done previously. Another club thinking they are billy big bollocks again . . . same as Liverpool did with Brendan Rodgers,HOF,PRFN
3350,892,60c5d6bf5659ea5e55def708,"We parked in a lot right next to a police scene where a woman had her shit ROCKED, blood was everywhere. The police were questioning the woman who punched her and she said, ""she ran up on ME and I told her I'd do it"". All witnesses confirmed and the bloody bitch got arrested ",HOF,PRFN
3353,140,60c5d6bf5659ea5e55def1bc,"The antis are comparing apples to oranges and for what??? Do not ever compare the hardships, neglect and abuse of these children to ignorance of adults fully capable of taking care of their own shit! How the fuck dare you!",HOF,PRFN
3363,3939,60c5d6bf5659ea5e55defa9c,KATIE YOU MOTHERFUCKER WAS IT YOU,HOF,OFFN
3370,4344,60c5d6bf5659ea5e55defcf4,"Let nobody piss me off today. Anybody wey come go collect. If you voted Boohari and you dont want to hear I told you so, you can log out. Bcos you go collect if you cross me guy.",HOF,PRFN
3376,2952,60c5d6bf5659ea5e55df010f,How low do you have to be to shag a married man whos wife is being treated for cancer? If the headlines in the rags had mistress who shagged married man whilst wife was being treated for cancer finally weds him do you think the voters would still think Johnson a  good laugh?,HOF,PRFN
3389,2823,60c5d6bf5659ea5e55df03b4,Bruh how long yall gon be mad about Wade son being gay... or a trans person.. or whatever the fuck. Why is this always a topic? Tired of seein this lil nigga with his bad bitch outfit on followed by a think piece. Lmao why are yall saving pics of this nigga? I dont get it,HOF,PRFN
3394,3141,60c5d6bf5659ea5e55df03f1,"WHAT THE HELL! WHY JOHN QUINCY ADAMS, YOU SON OF A BITCH, WHY, TELL ME WHY!!!",HOF,PRFN
3395,1332,60c5d6bf5659ea5e55def9a1,I feel 10x better than i felt 3 weeks ago. lmao &amp; i handled that shit on my own ,NOT,NONE
3398,4536,60c5d6bf5659ea5e55def51b,R.I.P that pussy,HOF,PRFN
3407,1365,60c5d6bf5659ea5e55def9e8,In a past life Im certain I was his pimp and he was my bottom bitch,HOF,OFFN
3409,4411,60c5d6bf5659ea5e55defd5c,someone tell me how to style a shag haircut because its not suiting me at all and i feel like crying im reliving my year 8 hairstyle all over again,NOT,NONE
3410,3480,60c5d6bf5659ea5e55def403,i really don't want to sound like an asshole but i really think it's kinda disrespectful that my english language III prof wants us to use such a simple template for our presentation. we didn't do that even in eng language I. it's disrespectful against all our hard work last year,HOF,PRFN
3416,2177,60c5d6bf5659ea5e55defea5,Fuck off,HOF,PRFN
3417,4598,60c5d6bf5659ea5e55def584,"I remember in Miller Hall we had a bloody tampon bandit . there was some bitch leaving her tampons in the toilets, on the floor, exposed in the trash, in the shower stall!! I mean this bitch was leaving her mark everywhere. Idk who it was, but Yall know she wasnt ",HOF,PRFN
3418,4906,60c5d6bf5659ea5e55def925,Stupid fucker stop being a loser la bebal,HOF,PRFN
3429,2602,60c5d6bf5659ea5e55df03d0,"Today was hell on wheels!! Im at that shes cute when shes angry, She actually might kill someone , fuck off stage",HOF,PRFN
3437,3920,60c5d6bf5659ea5e55def6ee,I dont fuck with anyone and yet I still hear about me from all over.. you fragile ass niggas gotta take my fucking dick out of your mouth,HOF,PRFN
3438,493,60c5d6bf5659ea5e55def3d1,The Young Bucks are dick head heels and I love it.,HOF,PRFN
3443,1292,60c5d6bf5659ea5e55def901,"son of a bitch, I ordered some thigh hish socks because I wana look cute damn it  But my thighs are too thick for them ",HOF,OFFN
3452,4181,60c5d6bf5659ea5e55defb34,never trust a bitch who first drink order is a bloody mary ,HOF,PRFN
3461,4416,60c5d6bf5659ea5e55defdee,"ok, google: why my man's dick trash?",HOF,PRFN
3463,968,60c5d6bf5659ea5e55def9cf,if yall lived with me irl youd just hear me going son of a bitch as i address the lizard popping out of nowhere in my kitchen in the middle of the night,HOF,PRFN
3474,5054,60c5d6bf5659ea5e55def22d,"She took me to her mamas, n then we went to her place. I then started drinking too. Time was moving and I wanted go to my place.  Uncomfortable kissing n caressing. I'm not home no condoms plus I jus met this bitch she want to shag. Next thing I'm thinking about consent",NOT,NONE
3477,3916,60c5d6bf5659ea5e55defaae,"You ever realize how fast family turn to foe the moment they walk in on ya in the bathroom? You be sitting there taking a shit, all of a sudden that door bursts open, and you're like, ""motherfucker I will cut the next sum bitch that tries to come in here! I am for real.""",HOF,PRFN
3479,4134,60c5d6bf5659ea5e55defbba,"the funniest type of comments on instagram are the ones that are like ""i didnt follow u fuck off from my feed"" like....buddy.......just unfollow and block them lmao",HOF,PRFN
3484,2989,60c5d6bf5659ea5e55df01a0,weve got a strong squad but even if we had the strongest squad in the world wed win nothing with that clueless waistcoat wearing twat in charge,HOF,PRFN
3487,4607,60c5d6bf5659ea5e55def6b4,man people piss me off,HOF,PRFN
3490,780,60c5d6bf5659ea5e55def540,"bf is taking a nap talking in his sleep just said babe, Im gonna weather tech your pussy",HOF,PRFN
3497,2336,60c5d6bf5659ea5e55df0219,i need to stay the fuck off shein ,HOF,PRFN
3498,1748,60c5d6bf5659ea5e55defd85,"A bill collector just called my grandma she said, excuse me... do me a favor pls and get the fuck off my phone ",HOF,PRFN
3504,2615,60c5d6bf5659ea5e55df03d6,ITS     A FUCKING FAN FICITON OK WORD WHYD I CRY THEN FUCK OFF,HOF,PRFN
3506,4302,60c5d6bf5659ea5e55defe00,Too high. I cant tell if my pussy is hanging out of my shorts at this Price Chopper or not. Send prayers.,HOF,PRFN
3510,1530,60c5d6bf5659ea5e55defc3a,i cannot for the life of me get this child to say DISK right  this boy keeps saying dick  help,HOF,PRFN
3513,3437,60c5d6bf5659ea5e55def40f,If I see one more adult do that shit body tik tok Im calling child line,HOF,PRFN
3514,2284,60c5d6bf5659ea5e55df01d9,This is my fucking diary lol until dork Dorsey sends a bot to shut me down I'm not interested in being your constant source of good energy   I CAN'T BREATHE MOTHERFUCKER,HOF,PRFN
3515,2835,60c5d6bf5659ea5e55df0354,Ron FUCKING DeSantis being a mother fucker again. cant wait to see that bitch out of office,HOF,PRFN
3521,281,60c5d6bf5659ea5e55def45b,Who wanna come give me head while you get your dick sucked by my Nigga lol,HOF,PRFN
3533,3879,60c5d6bf5659ea5e55df0157,you arent allowed to elevate that part of your identity to the level of importance as normal gender has to us which is obviously total bollocks,HOF,PRFN
3535,1054,60c5d6bf5659ea5e55def6f1,ppl always take anything as completely driven by love or hate damn bro its just critical thinking,NOT,NONE
3537,250,60c5d6bf5659ea5e55def2dc,Fuck off,HOF,PRFN
3538,2506,60c5d6bf5659ea5e55df02eb,"Based on the little Ive seen of that AoT no Requiem project or whatever, it just seems so damn cringe to me lmao",HOF,PRFN
3543,4065,60c5d6bf5659ea5e55defb31,Sweating like a hooker in church,HOF,PRFN
3545,2930,60c5d6bf5659ea5e55df022b,These pigeons in toronto have no chill like what the bloody hell man,NOT,NONE
3548,751,60c5d6bf5659ea5e55def651,How the fuck do people get off with fake nails on,HOF,PRFN
3561,1815,60c5d6bf5659ea5e55defd7c,"dear god, may his dick get soft when trying to fuck another bitch amen.",HOF,PRFN
3562,4069,60c5d6bf5659ea5e55defb97,"Ive waiting my whole life for tonight. FUCK LEFRAUD, SUNS IN 6!!!! Lakers fans stop making excuses about ADisney being out. Lebron is 14-0 in the first round and thats about to end!!!!",HOF,PRFN
3583,29,60c5d6bf5659ea5e55def284,LOSERS LOSE FINLAND AND PLAY NXT ROUND  YR MATEMATIC IS ASSHOLE LLOSERS,HOF,PRFN
3585,3098,60c5d6bf5659ea5e55df044c,"additionally, if you're a wrestler on here going ""you can do what you want, but don't say you're not getting hurt, you're getting hurt"" congratulations, you're doing free PR for WWE just like that Barstool shitbag is.",HOF,OFFN
3612,897,60c5d6bf5659ea5e55def75b,Rah a year has nearly gone past and u already licking another asshole ,HOF,PRFN
3623,4200,60c5d6bf5659ea5e55defbbc,"These guys claim theyve got the money, sue the bloody hell out of them to serve as a deterrent. Why settle for half arse apologies like this one.",HOF,PRFN
3628,3310,60c5d6bf5659ea5e55def23d,why are you still obsessed with me? lmao sad fucker,HOF,PRFN
3642,2994,60c5d6bf5659ea5e55df0297,"If you turn into an absolute prick around certain people and use their happiness to get a laugh with the other person, then go back to yourself when theyre gone youre an absolute cunt sorry",HOF,OFFN
3644,2962,60c5d6bf5659ea5e55df024d,i even saved for the fucker and he didn't even come home when his banner was happening,NOT,NONE
3645,2032,60c5d6bf5659ea5e55defedb,Oh fuck off. Everyone and everything.,HOF,PRFN
3646,3881,60c5d6bf5659ea5e55df0198,KALSKWKDJAKSB COMO ME GRABO A JOSEPH DICIENDO SON OF A BITCH PORFA LO AMO UN MONTON,HOF,PRFN
3647,2036,60c5d6bf5659ea5e55deff21,Fuck I forgot how you can actually like going to work when you enjoy your job.. LOL,HOF,PRFN
3651,1138,60c5d6bf5659ea5e55def9bf,I already know im about to cry like a motherfucker At this pose epsidose,HOF,PRFN
3653,3382,60c5d6bf5659ea5e55def3a6,My mom and bf took the stairs instead of the elevator with me and I just know theyre talking shit,HOF,PRFN
3654,275,60c5d6bf5659ea5e55def3a2,"BITCH IT TOOK APPROXIMATELY ONE MINUTE -AND FIFTEEN SECONDS BEFORE I SCREAMED ""GIRL!!!!!!!!!!!!!!!!!!!!!!!!!!!!!!!!!!!!!"" FOR BLOODY MURDER!!!!!!!!!!!!!!!!!!!!!!!!!!!!!",HOF,PRFN
3655,3100,60c5d6bf5659ea5e55df0471,"I'm a working bitch, ain't got no time for dick",HOF,PRFN
3657,2802,60c5d6bf5659ea5e55df03e1,"If I get into a fight &amp; you see me onna ground n I get back up n my face clear wih no bloody nose , no scars , no black eyes !! Den tha bitch hits wasnt connecting set !",NOT,NONE
3664,4627,60c5d6bf5659ea5e55def824,Fuck off i dont care anymore,HOF,PRFN
3679,2868,60c5d6bf5659ea5e55def194,Cont 3.  post by :Idiot RCP 30.03.2002 15:16 they even went to the extent of 'actively' opposed (...)Q If the sparts and the RCP were really funded by the CIA or MI5 then why didn't they try alot harder to actually mis*lead* the 'movement' and not just sit back+talk bollocks..,NOT,NONE
3684,1139,60c5d6bf5659ea5e55def9cb,Im such a bipolar son of a bitch,HOF,PRFN
3701,4655,60c5d6bf5659ea5e55def899,Oh gosh is there a better feeling than when youre sucking dick and he puts his hands on the back of your head to force you down while he thrusts his hips and calls you a good boy Plz send me dicks to suck Im needy ,HOF,PRFN
3717,198,60c5d6bf5659ea5e55def1bf,get this bloody burger off my head before I stab a bitch,HOF,PRFN
3719,4224,60c5d6bf5659ea5e55defbe4,I generally do not tolerate people trying to interfere like that.. would you like a person in your life that could be manipulated into turning their back on you? no? then maybe stop doing it and fuck off,HOF,PRFN
3726,2217,60c5d6bf5659ea5e55deff47,Spirit is really starting to piss me off how tf am I supposed to work for myself if I dont have the funds to do so ?! putting me in situations to either quit my 9-5 or lose it?! Like bitch this shit is getting old. Almost a damn year with this repetitive bullshit. I HATE IT.,NOT,NONE
3730,4253,60c5d6bf5659ea5e55defb66,How many more shitbag toxic assholes do I get to unfollow/softblock today?,HOF,PRFN
3732,4778,60c5d6bf5659ea5e55def7ec,People feel that we should be like Mexico and over throw our government what the fuck ,HOF,PRFN
3734,4963,60c5d6bf5659ea5e55def783,this heat wave can fuck right off I DONT HAVE AC IM DYING,HOF,PRFN
3743,430,60c5d6bf5659ea5e55def2e7,there goes that damn 2:21,NOT,NONE
3751,1175,60c5d6bf5659ea5e55def958,Got my dick sucked by a girl with a plate in her head call that iron dome,HOF,PRFN
3770,776,60c5d6bf5659ea5e55def674,My coworker broke up with his boyfriend this weekend. So I said wow this is like your flu game today huh and he replied with what the fuck are you talking about,HOF,PRFN
3771,1491,60c5d6bf5659ea5e55defc99,cause youre a milf and im a mother fucker,HOF,PRFN
3789,5114,60c5d6bf5659ea5e55def1ec,I need a To Pimp a Butterfly 2,HOF,PRFN
3790,4328,60c5d6bf5659ea5e55defe09,"21st June? I've spent the last few days in holiday: at a busy beach, in the city, on public transport, in shops, museums, pubs and restaurants... Based on how close every fucker gets to strangers, and shit mask technique, it feels like 21 June is already here.",HOF,PRFN
3806,3870,60c5d6bf5659ea5e55df009d,damn Im finna b at work all night ,HOF,PRFN
3808,4042,60c5d6bf5659ea5e55defb6a,Ayo why do I feel like Im having an acid trip???? My whole vision is making patterns and shit bruh Im legitimately scared what the hell is this,HOF,PRFN
3811,1063,60c5d6bf5659ea5e55def73b,Fvck this bastard dey make me type like illiterate.,HOF,PRFN
3818,314,60c5d6bf5659ea5e55def443,If you wont bend me over and fuck me in my compression socks then you dont deserve to bend me over and fuck me when Im in a sundress and no panties,HOF,PRFN
3837,4885,60c5d6bf5659ea5e55def6de,"I need to lay low off these ice coffees before my skin start breaking out , I will be one piss BITCH!!!!!!! ",HOF,PRFN
